<?xml version="1.0" encoding="UTF-8" ?>
<!DOCTYPE mapper
  PUBLIC "-//mybatis.org//DTD Mapper 3.0//EN"
  "http://mybatis.org/dtd/mybatis-3-mapper.dtd">
  
<!-- ○ mapper 엘리먼트의 『namespace="패키지경로가 포함된 인터페이스"』 -->
<!--    - 인터페이스 내부에 메소드명 선언이 되어 있어야 한다. -->
<!--    - 메소드명과 『id="식별자"』가 일치해야 한다. -->

<mapper namespace="com.pettopia.bk.IAdminDAO">

	<!-- 마스터 로그인 정보 확인 쿼리 -->
	<select id="masterLogin" resultType="java.lang.String">
		SELECT SEQ
		FROM MASTER
		WHERE ID = #{id}
		AND PW = CRYPTPACK.ENCRYPT(#{pw}, #{pw})
	</select>
	
	<!-- 관리자 로그인 정보 확인 쿼리 -->
	<select id="adminLogin" resultType="java.lang.String">
		SELECT SEQ
		FROM MANAGER
		WHERE ID = #{id}
		AND PW = CRYPTPACK.ENCRYPT(#{pw}, #{pw})
	</select>
	
	<!-- 회원 상세 정보 조회 쿼리 -->
	<select id="userInfo" resultType="com.pettopia.bk.MemberDTO">
		SELECT REGCODE, CODE, PS_CODE, ID, NICK, BIRTHDAY, SEX, TEL, EMAIL, ADDR, REGDATE, AVG_SCORE, PS_SCORE, FILEPATH
		FROM USER_INFO_VIEW_B
		WHERE ID = #{id}
	</select>
	
	<!-- 펫시터 신청내역 상세 조회 쿼리 -->
	<select id="psReqInfo" resultType="com.pettopia.bk.PetsitterRegDTO">
		SELECT REQCODE, CODE, ID, NICK, AGE, SEX, REQDATE, CONTENT
		FROM PS_REQ_VIEW_B
		WHERE REQCODE = #{reqcode}
	</select>
	
	<!-- 펫시터 신청 증빙서류 조회 쿼리 -->
	<select id="psDocList" resultType="com.pettopia.bk.FileDTO">
		SELECT REQCODE, DOC_TYPE, FILEPATH
		FROM PET_REQ_DOC_VIEW_B
		WHERE REQCODE = #{reqcode}
	</select>
	
	<!-- 펫시터 신청 승인 insert 쿼리 -->
	<insert id="psReqApproval">
		INSERT INTO PS_REG
		VALUES('PSREG-'||LPAD(PS_REG_SEQ.NEXTVAL,6,'0'), #{mg_code}, #{reqcode}, SYSDATE)
	</insert>
	
	<!-- 펫시터 신청 반려 insert 쿼리 -->
	<insert id="psReqDisapproval">
		INSERT INTO PS_REG_REF
		VALUES(#{reqcode}, #{ref_reason_code}, SYSDATE, #{content}, #{mg_code})
	</insert>
	
	<!-- 펫시터 등록 반려 사유 코드 목록 조회 -->
	<select id="psRefReasonList" resultType="com.pettopia.bk.CodeDTO">
		SELECT SEQ AS CODE, REASONNAME AS CONTENT
		FROM PS_REF_REASON
	</select>
	
	<!-- 펫시터 승인 내역 조회 쿼리 -->
	<select id="psReg" resultType="com.pettopia.bk.PetsitterRegDTO">
		SELECT REQCODE, REQDATE, REGCODE, ID, NICK, AGE, SEX
		     , REGDATE AS APPROVAL_DATE
		     , MGNICK AS APPROVAL_MG, CONTENT
		FROM PET_REG_VIEW_B
		WHERE REQCODE = #{reqcode}
	</select>
	
	<!-- 승인된 펫시터 등록된 프로필 조회 -->
	<select id="psProfile" resultType="com.pettopia.bk.PsProfileDTO">
		SELECT PROFILE_CODE, REQCODE, REGCODE, CARE, PS_ADDR, OPEN_TYPE, CONTENT, BANK, DEPOSITOR, ACCOUNT_NUM, WRITEDATE
		FROM PET_PROFILE_VIEW_B
		WHERE REQCODE = #{reqcode}
	</select>
	
	<!-- 펫시터의 이용 가능한 서비스 목록 조회 -->
	<select id="psServiceList" resultType="java.lang.String">
		SELECT PS.SERVICECONTENT AS SERVICE
		FROM PS_SERVICE_INFO S LEFT JOIN PS_SERVICE PS
		ON S.PS_SERVICE_SEQ = PS.SEQ
		WHERE PS_PROFILE_SEQ = #{profile_code}
	</select>
	
	<!-- 펫시터 프로필의 돌봄환경이미지 목록 조회 -->
	<select id="psImgList" resultType="com.pettopia.bk.FileDTO">
		SELECT FILEPATH, PSREGDATE AS REGDATE
		FROM PS_IMG_REG
		WHERE PS_PROFILE_SEQ = #{profile_code}
	</select>
	
	<!-- 펫시터 신청 반려 내역 조회 쿼리 -->
	<select id="psRef" resultType="com.pettopia.bk.PetsitterRegDTO">
		SELECT REQCODE, REQDATE, CODE, ID, NICK, AGE, SEX, CONTENT
		     , REFDATE AS DISAPPROVAL_DATE, MGNICK AS DISAPPROVAL_MG
		     , REF_REASON_CODE, REF_REASON, PSCONTENT
		FROM PET_REF_VIEW_B
		WHERE REQCODE = #{reqcode}
	</select>
	
	
	
	
	
	<!-- 회원 신고 접수 상세 조회 쿼리 -->
	<select id="usReportInfo" resultType="com.pettopia.bk.UserReportDTO">
		SELECT CODE, DEFENDANTID, NICK, REASON, DECLARANTID, REPORT_DATE, STATE, REG_DATE, REG_MG, REF_DATE, REF_MG, CONTENT
		FROM MEMBER_REPORT_REG_VIEW_B
		WHERE CODE = #{code}
	</select>
	
	<!-- 신고 접수 반려 사유 코드 목록 조회 -->
	<select id="reportRefReasonList" resultType="com.pettopia.bk.CodeDTO">
		SELECT SEQ AS CODE, CONTENT
		FROM RESTRICT_REASON
	</select>
	
	<!-- 회원 신고 접수 첨부파일 목록 조회 -->
	<select id="usDocList" resultType="com.pettopia.bk.FileDTO">
		SELECT FILEPATH
		FROM MEMBER_REPORT_FILE
		WHERE MEMBER_REPORT_SEQ = #{code}
	</select>
	
	<!-- 회원 신고 접수 승인 처리 INSERT 쿼리 -->
	<insert id="usReqApproval">
		INSERT INTO MEMBER_REPORT_RES
		VALUES('MRPR-'||LPAD(MEMBER_REPORT_RES_SEQ.NEXTVAL, 6, 0), #{code}, SYSDATE, #{mgcontent}, #{mg_code})
	</insert>
	
	<!-- 회원 신고 접수 반려 처리 INSERT 쿼리 -->
	<insert id="usReqDisapproval">
		INSERT INTO MEMBER_REPORT_REF
		VALUES(#{code}, #{restrict_reason_code}, SYSDATE, #{mgcontent}, #{mg_code})
	</insert>
	
	<!-- 경고 회원 상세 내역-회원 신고 승인 내역 조회 -->
	<select id="usReg" resultType="com.pettopia.bk.UserReportDTO">
		SELECT V.CODE AS CODE, V.REPORT_DATE AS REPORT_DATE, V.DEFENDANTID AS DEFENDANTID, V.NICK AS NICK
			 , V.REG_DATE AS REG_DATE, V.REASON AS REASON, V.DECLARANTID AS DECLARANTID, V.REG_MG AS REG_MG, V.CONTENT AS CONTENT
		     , RES.REASON AS MGCONTENT 
		FROM MEMBER_REPORT_REG_VIEW_B V LEFT JOIN MEMBER_REPORT_RES RES
		ON V.CODE=RES.MEMBER_REPORT_SEQ
		WHERE CODE = #{code}
	</select>
	
	<!-- 회원 신고 반려 내역 조회 -->
	<select id="usRef" resultType="com.pettopia.bk.UserReportDTO">
		SELECT V.CODE AS CODE, V.REPORT_DATE AS REPORT_DATE, V.DEFENDANTID AS DEFENDANTID, V.NICK AS NICK
		     , V.REF_DATE AS REF_DATE, V.REASON AS REASON, V.DECLARANTID AS DECLARANTID, V.REF_MG AS REF_MG, V.CONTENT AS CONTENT
		     , REF.RESTRICT_REASON_SEQ AS RESTRICT_REASON_CODE, RR.CONTENT AS RESTRICT_REASON_CONTENT, REF.REASON AS MGCONTENT
		FROM MEMBER_REPORT_REG_VIEW_B V LEFT JOIN MEMBER_REPORT_REF REF
		ON V.CODE = REF.MEMBER_REPORT_SEQ
		    LEFT JOIN RESTRICT_REASON RR
		    ON REF.RESTRICT_REASON_SEQ = RR.SEQ
		WHERE CODE = #{code}
	</select>
	
	
	
	
	
	<!-- 게시물 신고 접수 상세 조회 쿼리 -->
	<select id="contentsReportInfo" resultType="com.pettopia.bk.BoardReportRegDTO">
		SELECT V.CODE AS CODE, V.REPORT_DATE AS REPORT_DATE, V.BOARD_CODE AS BOARD_CODE
		     , MR.ID AS ID, MR.NICK AS NICK, V.REASON AS REASON
		     , V.DECLARANTID AS DECLARANTID, V.CONTENT AS CONTENT
		FROM BOARD_REPORT_REG_VIEW_B V LEFT JOIN BOARD B
		ON V.BOARD_CODE = B.SEQ
		    LEFT JOIN MEMBER_CODE MC
		    ON B.MEMBER_CODE_SEQ = MC.SEQ
		        LEFT JOIN MEMBER_REG MR
		        ON MC.SEQ = MR.MEMBER_CODE_SEQ
		WHERE V.CODE = #{code}
	</select>
	
	<!-- 게시물 신고 접수 승인 처리 INSERT 쿼리 -->
	<insert id="contentsReqApproval">
		INSERT INTO BOARD_REPORT_BLIND
		VALUES(#{code}, SYSDATE, #{mgcontent}, #{mg_code})
	</insert>
	
	<!-- 게시물 신고 접수 반려 처리 INSERT 쿼리 -->
	<insert id="contentsReqDisapproval">
		INSERT INTO BOARD_REPORT_REF
		VALUES(#{code}, #{restrict_reason_code}, SYSDATE, #{mgcontent}, #{mg_code})
	</insert>
	
	<!-- 블라인드 게시물 상세 내역-게시물 신고 승인 내역 조회 -->
	<select id="contentsReg" resultType="com.pettopia.bk.BoardReportRegDTO">
		SELECT V.CODE AS CODE, V.REPORT_DATE AS REPORT_DATE, V.BOARD_CODE AS BOARD_CODE
		     , MR.ID AS ID, MR.NICK AS NICK, V.REASON AS REASON
		     , V.DECLARANTID AS DECLARANTID, V.CONTENT AS CONTENT, V.BLIND_DATE AS BLIND_DATE, V.BLIND_MG AS BLIND_MG
		     , BR.CONTENT AS MGCONTENT
		FROM BOARD_REPORT_REG_VIEW_B V LEFT JOIN BOARD B
		ON V.BOARD_CODE = B.SEQ
		    LEFT JOIN MEMBER_CODE MC
		    ON B.MEMBER_CODE_SEQ = MC.SEQ
		        LEFT JOIN MEMBER_REG MR
		        ON MC.SEQ = MR.MEMBER_CODE_SEQ
		            LEFT JOIN BOARD_REPORT BR
		            ON V.CODE = BR.SEQ
		                LEFT JOIN RESTRICT_REASON RR
		                ON BR.REPORT_REASON_SEQ = RR.SEQ
		WHERE V.CODE = #{code}
	</select>
	
	<!-- 게시물 신고 반려 내역 조회 -->
	<select id="contentsRef" resultType="com.pettopia.bk.BoardReportRegDTO">
		SELECT V.CODE AS CODE, V.REPORT_DATE AS REPORT_DATE, V.BOARD_CODE AS BOARD_CODE
		     , MR.ID AS ID, MR.NICK AS NICK, V.REASON AS REASON
		     , V.DECLARANTID AS DECLARANTID, V.CONTENT AS CONTENT, V.REF_DATE AS REF_DATE, V.REF_MG AS REF_MG
		     , BR.CONTENT AS MGCONTENT, RR.SEQ AS RESTRICT_REASON_CODE, RR.CONTENT AS RESTRICT_REASON_CONTENT
		FROM BOARD_REPORT_REG_VIEW_B V LEFT JOIN BOARD B
		ON V.BOARD_CODE = B.SEQ
		    LEFT JOIN MEMBER_CODE MC
		    ON B.MEMBER_CODE_SEQ = MC.SEQ
		        LEFT JOIN MEMBER_REG MR
		        ON MC.SEQ = MR.MEMBER_CODE_SEQ
		            LEFT JOIN BOARD_REPORT BR
		            ON V.CODE = BR.SEQ
		                LEFT JOIN RESTRICT_REASON RR
		                ON BR.REPORT_REASON_SEQ = RR.SEQ
		WHERE V.CODE = #{code}
	</select>
	
	
	
	
	
	<!-- 댓글 신고 접수 상세 조회 쿼리 -->
	<select id="replyReportInfo" resultType="com.pettopia.bk.ReplyReportRegDTO">
		SELECT V.CODE AS CODE, V.REPORT_DATE AS REPORT_DATE, V.REPLY_CODE AS REPLY_CODE
		     , MR.ID AS ID, MR.NICK AS NICK, V.REASON AS REASON
		     , V.DECLARANTID AS DECLARANTID, V.CONTENT AS CONTENT
		FROM REPLY_REPORT_REG_VIEW_B V LEFT JOIN REPLY R
		ON V.REPLY_CODE = R.SEQ
		    LEFT JOIN MEMBER_CODE MC
		    ON R.MEMBER_CODE_SEQ = MC.SEQ
		        LEFT JOIN MEMBER_REG MR
		        ON MC.SEQ = MR.MEMBER_CODE_SEQ
		WHERE V.CODE = #{code}
	</select>
	
	<!-- 댓글 신고 접수 승인 처리 INSERT 쿼리 -->
	<insert id="replyReqApproval">
		INSERT INTO REPLY_REPORT_BLIND
		VALUES(#{code}, SYSDATE, #{mgcontent}, #{mg_code})
	</insert>
	
	<!-- 댓글 신고 접수 반려 처리 INSERT 쿼리 -->
	<insert id="replyReqDisapproval">
		INSERT INTO REPLY_REPORT_REF
		VALUES(#{code}, #{restrict_reason_code}, SYSDATE, #{mgcontent}, #{mg_code})
	</insert>
	
	<!-- 블라인드 댓글 상세 내역-댓글 신고 승인 내역 조회 -->
	<select id="replyReg" resultType="com.pettopia.bk.ReplyReportRegDTO">
		SELECT V.CODE AS CODE, V.REPORT_DATE AS REPORT_DATE, V.REPLY_CODE AS REPLY_CODE
		     , MR.ID AS ID, MR.NICK AS NICK, V.REASON AS REASON
		     , V.DECLARANTID AS DECLARANTID, V.CONTENT AS CONTENT, V.BLIND_DATE AS BLIND_DATE, V.BLIND_MG AS BLIND_MG
		     , RR.CONTENT AS MGCONTENT
		FROM REPLY_REPORT_REG_VIEW_B V LEFT JOIN REPLY R
		ON V.REPLY_CODE = R.SEQ
		    LEFT JOIN MEMBER_CODE MC
		    ON R.MEMBER_CODE_SEQ = MC.SEQ
		        LEFT JOIN MEMBER_REG MR
		        ON MC.SEQ = MR.MEMBER_CODE_SEQ
		            LEFT JOIN REPLY_REPORT RR
		            ON V.CODE = RR.SEQ
		WHERE V.CODE = #{code}
	</select>
	
	<!-- 댓글 신고 반려 내역 조회 -->
	<select id="replyRef" resultType="com.pettopia.bk.ReplyReportRegDTO">
		SELECT V.CODE AS CODE, V.REPORT_DATE AS REPORT_DATE, V.REPLY_CODE AS REPLY_CODE
		     , MR.ID AS ID, MR.NICK AS NICK, V.REASON AS REASON
		     , V.DECLARANTID AS DECLARANTID, V.CONTENT AS CONTENT, V.REF_DATE AS REF_DATE, V.REF_MG AS REF_MG
		     , RR.CONTENT AS MGCONTENT, RESR.SEQ AS RESTRICT_REASON_CODE, RESR.CONTENT AS RESTRICT_REASON_CONTENT
		FROM REPLY_REPORT_REG_VIEW_B V LEFT JOIN REPLY R
		ON V.REPLY_CODE = R.SEQ
		    LEFT JOIN MEMBER_CODE MC
		    ON R.MEMBER_CODE_SEQ = MC.SEQ
		        LEFT JOIN MEMBER_REG MR
		        ON MC.SEQ = MR.MEMBER_CODE_SEQ
		            LEFT JOIN REPLY_REPORT RR
		            ON V.CODE = RR.SEQ
		                LEFT JOIN RESTRICT_REASON RESR
		                ON RR.REPORT_REASON_SEQ = RESR.SEQ
		WHERE V.CODE = #{code}
	</select>
	
	
	
	
	
	<!-- 1:1 문의 접수 내역 상세정보 -->
	<select id="inquiryInfo" resultType="com.pettopia.bk.InquiryRegDTO">
		SELECT CODE, MEMBER_CODE, REGCODE AS MEMBER_REG_CODE, ID, NICK, AGE
		     , TITLE, CONTENT, REG_DATE
		FROM INQUIRY_REG_VIEW_B
		WHERE CODE = #{code}
	</select>
	
	<!-- 1:1 문의 답변 처리 INSERT 쿼리 -->
	<insert id="inquiryComplete">
		INSERT INTO INQUIRY_ANS
		VALUES('IQA-'||LPAD(INQUIRY_ANS_SEQ.NEXTVAL,6,0), #{code}, #{mg}, #{mgcontent}, SYSDATE)
	</insert>
	
	<!-- 1:1 문의 접수 처리한 답변 내역 조회 -->
	<select id="inquiryAnswer" resultType="com.pettopia.bk.InquiryRegDTO">
		SELECT CODE, MEMBER_CODE, REGCODE AS MEMBER_REG_CODE, ID, NICK, AGE
		     , TITLE, CONTENT, REG_DATE, COM_DATE, MG, MGCONTENT
		FROM INQUIRY_REG_VIEW_B
		WHERE CODE = #{code}
	</select>
	
	
	
	
	
	<!-- 알림 전송 -->
	<insert id="notifyInsert">
		INSERT INTO NOTIFY(SEQ, MEMBER_REG_SEQ, NOTIFY_TYPE_SEQ, WRITE_DATE, REFERENCE_CODE)
		VALUES('NTF-'||LPAD(NOTIFY_SEQ.NEXTVAL,6,0), #{member_reg_code}, #{notify_type_code}, SYSDATE, #{reference_code})
	</insert>
	
	<!-- 펫시터 신청 코드로 신청한 회원등록코드, 회원고유코드 조회 -->
	<select id="psReqMember" resultType="com.pettopia.bk.NotifyDTO">
		SELECT MC.SEQ, MR.SEQ AS MEMBER_REG_CODE
		FROM PS_REQ PR LEFT JOIN MEMBER_CODE MC
		ON PR.MEMBER_CODE_SEQ = MC.SEQ
		    LEFT JOIN MEMBER_REG MR
		    ON MC.SEQ = MR.MEMBER_CODE_SEQ
		WHERE PR.SEQ = #{reqcode}
	</select>
	
	<!-- 세션의 회원고유코드로 회원등록번호 조회 -->
	<select id="searchMemberRegCode" resultType="java.lang.String">
		SELECT MR.SEQ AS MEMBER_REG_CODE
		FROM MEMBER_REG MR LEFT JOIN MEMBER_CODE MC
		ON MR.MEMBER_CODE_SEQ = MC.SEQ
		WHERE MC.SEQ = #{code}
	</select>
	
</mapper>