<?xml version="1.0" encoding="UTF-8" ?>
<!DOCTYPE mapper
  PUBLIC "-//mybatis.org//DTD Mapper 3.0//EN"
  "http://mybatis.org/dtd/mybatis-3-mapper.dtd">
  
<!-- ○ mapper 엘리먼트의 『namespace="패키지경로가 포함된 인터페이스"』 -->
<!--    - 인터페이스 내부에 메소드명 선언이 되어 있어야 한다. -->
<!--    - 메소드명과 『id="식별자"』가 일치해야 한다. -->

<mapper namespace="com.pettopia.bk.IAdminMainDAO">

	<!-- 관리자 메인 > 신규 가입회원 목록 관련 쿼리 -->
	<select id="today" resultType="java.lang.String">
		SELECT TO_CHAR(SYSDATE, 'YYYY-MM-DD')
		FROM DUAL
	</select>
	
	<select id="updateTime" resultType="java.lang.String">
		SELECT TO_CHAR(SYSDATE, 'YYYY-MM-DD HH:MI:SS')
		FROM DUAL
	</select>

	<select id="totMember" resultType="java.lang.Integer">
		SELECT COUNT(*) AS COUNT
		FROM MEMBER_REG
	</select>
	
	<select id="todayNewMember" resultType="java.lang.Integer">
		SELECT COUNT(*) AS COUNT
		FROM MEMBER_CODE
		WHERE TO_CHAR(REGDATE, 'YYYY-MM-DD')=TO_CHAR(SYSDATE, 'YYYY-MM-DD')
	</select>
	
	<select id="todayWithdrawMember" resultType="java.lang.Integer">
		SELECT COUNT(*) AS COUNT
		FROM MEMBER_WITHDRAW
		WHERE TO_CHAR(WITHDRAW_DATE, 'YYYY-MM-DD')=TO_CHAR(SYSDATE, 'YYYY-MM-DD')
	</select>
	
	<select id="newMemberList" resultType="com.pettopia.bk.NewMemberDTO">
		SELECT ROWNUM AS NUM, CODE, ID, NICK, SSN, TEL, EMAIL, ADDR
		FROM NEW_MEMBER_VIEW_B
	</select>


	<!-- 관리자 메인 > 펫시터 신청 목록 관련 쿼리 -->
	<select id="petsitterRegList" resultType="com.pettopia.bk.PetsitterRegDTO">
		SELECT ROWNUM AS NUM, REQCODE, ID, NICK, AGE, REQDATE, STATE, APPROVAL_DATE, APPROVAL_MG, DISAPPROVAL_DATE, DISAPPROVAL_MG
		FROM PS_REQ_VIEW_B
		--WHERE TO_CHAR(REQDATE, 'YYYY-MM-DD') = TO_CHAR(SYSDATE, 'YYYY-MM-DD')
		ORDER BY REQCODE DESC
	</select>
	
	
	<!-- 관리자 메인 > 회원 신고 접수 목록 관련 쿼리 -->
	<select id="memberReportRegList" resultType="com.pettopia.bk.MemberReportRegDTO">
		SELECT ROWNUM AS NUM, CODE, DEFENDANTID, REASON, DECLARANTID, REPORT_DATE, STATE, REG_DATE, REG_MG, REF_DATE, REF_MG
		FROM MEMBER_REPORT_REG_VIEW_B
		--WHERE TO_CHAR(REPORT_DATE, 'YYYY-MM-DD') = TO_CHAR(SYSDATE, 'YYYY-MM-DD')
		ORDER BY CODE DESC
	</select>
	
	
	<!-- 관리자 메인 > 게시물 신고 접수 목록 관련 쿼리 -->
	<select id="boardReportRegList" resultType="com.pettopia.bk.BoardReportRegDTO">
		SELECT ROWNUM AS NUM, CODE, BOARD_CODE, REASON, DECLARANTID, REPORT_DATE, STATE, BLIND_DATE, BLIND_MG, REF_DATE, REF_MG
		FROM BOARD_REPORT_REG_VIEW_B
		--WHERE TO_CHAR(REPORT_DATE, 'YYYY-MM-DD') = TO_CHAR(SYSDATE, 'YYYY-MM-DD')
		ORDER BY CODE DESC
	</select>
	
	
	<!-- 관리자 메인 > 댓글 신고 접수 목록 관련 쿼리 -->
	<select id="replyReportRegList" resultType="com.pettopia.bk.ReplyReportRegDTO">
		SELECT ROWNUM AS NUM, CODE, REPLY_CODE, REASON, DECLARANTID, REPORT_DATE, STATE, BLIND_DATE, BLIND_MG, REF_DATE, REF_MG
		FROM REPLY_REPORT_REG_VIEW_B
		--WHERE TO_CHAR(REPORT_DATE, 'YYYY-MM-DD') = TO_CHAR(SYSDATE, 'YYYY-MM-DD')
		ORDER BY CODE DESC
	</select>
	
	
	<!-- 관리자 메인 > 1:1 문의 접수 목록 관련 쿼리 -->
	<select id="inquiryReportRegList" resultType="com.pettopia.bk.InquiryRegDTO">
		SELECT ROWNUM AS NUM, CODE, ID, NICK, TITLE, REG_DATE, STATE, COM_DATE, MG
		FROM INQUIRY_REG_VIEW_B
		--WHERE TO_CHAR(REG_DATE, 'YYYY-MM-DD') = TO_CHAR(SYSDATE, 'YYYY-MM-DD')
		ORDER BY CODE DESC
	</select>
	
</mapper>