<?xml version="1.0" encoding="UTF-8" ?>
<!DOCTYPE mapper
  PUBLIC "-//mybatis.org//DTD Mapper 3.0//EN"
  "http://mybatis.org/dtd/mybatis-3-mapper.dtd">

<!-- ○ mapper 엘리먼트의 『namespace = "패키지 경로가 포함된 인터페이스"』 -->
<!-- - 인터페이스 내부에 메소드명 선언이 되어 있어야 한다 -->
<!-- - 메소드명과 『id="식별자"』 가 일치해야 한다 -->
<mapper namespace="com.pettopia.mh.IMyCareDAO">

	<!-- 돌봄신청내역(일반회원) -->	
	<select id="carelist" resultType="com.pettopia.mh.MyCareDTO">
		SELECT CARE_REQ_SEQ, PSNICK, REQDATE, CAREDATE, STATE1, STATE2, STATE3
		FROM MYCAREVIEW1
		WHERE ID=#{id}
	</select>

	<select id="reflist" resultType="com.pettopia.mh.MyCareDTO">
	SELECT CARE_REQ_SEQ, PSNICK, REQDATE, CAREDATE, STATE1, STATE2, STATE3
	FROM MYCAREVIEW2
	WHERE ID=#{id}
	</select>

	<!-- 예치금입금 -->
	<select id="depositlist" resultType="com.pettopia.mh.DepositDTO">
	SELECT CARE_REQ_SEQ, PSNICK, PETNAME,  CAREPAY, REQDATE, CAREDATE, CARE_AGREE_SEQ, AGREEDATE
	FROM DEPOSITVIEW
	WHERE CARE_REQ_SEQ=#{care_req_seq}
	</select>
	
	
	<!-- 펫시터리뷰 -->
	<select id="psreviewlist" resultType="com.pettopia.mh.PsReviewDTO">
	SELECT PETNAME, PSNICK, CARE_AGREE_FIX_SEQ, CARE_REQ_SEQ
	FROM REVIEWVIEW
	WHERE CARE_REQ_SEQ=#{care_req_seq}
	</select>
	 
	
	<!-- 리뷰 insert -->
	<insert id="addpsreview">
	INSERT INTO PS_REVIEW
	VALUES('PSREV-'||LPAD(PS_REVIEW_SEQ.NEXTVAL,6,'0'),#{care_agree_fix_seq}, #{psscore}, #{reviewcontent}, sysdate)
	</insert>
	
	<!-- 예치금 insert -->
	<insert id="adddeposit">
	INSERT INTO DEPOSIT
	VALUES('DEP-'||LPAD(DEPOSIT_SEQ.NEXTVAL,6,'0'),#{care_agree_seq}, #{depositprice}, #{name}, sysdate, #{bank_seq})
	</insert>
	
	
	<!-- 은행코드, 이름 -->
	<select id="banklist" resultType="com.pettopia.mh.BankDTO">
	SELECT SEQ, BANKNAME
	FROM BANK
	</select>
	
	
	<!-- 내가쓴돌봄리뷰 -->
	<select id="mycarereview" resultType="com.pettopia.mh.MyCareReviewDTO">
	SELECT PETNAME, PSNICK, CAREDATE, PSSCORE, CONTENT, REVIEWDATE, MEMBER_CODE_SEQ
	FROM MYCAREREVIEW
	WHERE MEMBER_CODE_SEQ = #{member_code_seq}
	</select>
	 
	 
	<!-- 나의돌봄리뷰(펫시터)  -->
	<select id="mypsreview" resultType="com.pettopia.mh.MyCareReviewDTO">
	SELECT MEMBER_CODE_SEQ, PSNICK, PETNAME, CAREDATE, PSSCORE, CONTENT, TO_CHAR(REVIEWDATE, 'YYYY-MM-DD') AS REVIEWDATE, NICK
	FROM MYPSREVIEW
	WHERE MEMBER_CODE_SEQ = #{member_code_seq}
	</select>
	
	
	<!-- 총평점계산 -->
	<select id="calavg" resultType="java.lang.String">
	SELECT AVG(PSSCORE), MEMBER_CODE_SEQ
	FROM MYPSREVIEW
	WHERE MEMBER_CODE_SEQ = #{member_code_seq}
	GROUP BY(MEMBER_CODE_SEQ)
	</select>
	
	<!-- 돌봄신청내역리스트들(펫시터) -->	
	<select id="pscarelist" resultType="com.pettopia.mh.MyCareDTO">
		SELECT MEMBER_CODE_SEQ, CARE_REQ_SEQ, NICK, REQDATE, CAREDATE, STATE1, STATE2, PETNAME
		FROM MYCAREVIEW
		WHERE MEMBER_CODE_SEQ=#{member_code_seq}
	</select>
	
	
	<!-- 돌봄신청정보(펫시터가 승인할 때 확인할 정보) -->	
	<select id="carereqinf" resultType="com.pettopia.mh.MyCareDTO">
		SELECT CARE_REQ_SEQ, CAREDATE, REQDATE, NICK, PETNAME, BREED, PETSIZE, GENDER, NEUTRAL, NVL(NATURE,'성격정보없음') AS NATURE
		FROM CAREREQVIEW
		WHERE CARE_REQ_SEQ=#{care_req_seq}
	</select>
	
	
	<!-- 돌봄 신청 승인하기  -->
	<insert id="addagree">
	INSERT INTO CARE_AGREE
	VALUES('C_AGR-'||LPAD(DEPOSIT_SEQ.NEXTVAL,6,'0'),#{care_req_seq},sysdate)
	</insert>
	
	<!-- 돌봄 신청 거절하기 -->
	<insert id="addrefuse">
	INSERT INTO CARE_REF
	VALUES(#{care_req_seq}, sysdate)
	</insert>
	
</mapper>