<?xml version="1.0" encoding="UTF-8" ?>
<!DOCTYPE mapper
  PUBLIC "-//mybatis.org//DTD Mapper 3.0//EN"
  "http://mybatis.org/dtd/mybatis-3-mapper.dtd">
  
<!-- ○ mapper 엘리먼트의 『namespace="패키지경로가 포함된 인터페이스"』 -->
<!--    - 인터페이스 내부에 메소드명 선언이 되어 있어야 한다. -->
<!--    - 메소드명과 『id="식별자"』가 일치해야 한다. -->

<mapper namespace="com.pettopia.uj.IPetsitterUpdateDAO">

   <!-- ○ id="식별자" 속성 추가 -->
   <!--    - 인터페이스에 선언된 메소드의 이름과 일치해야 하며, -->
   <!--      호출 메소드명 역할을 수행하게 된다. -->
   <!-- ○ resultType="패키지경로가 포함된 자료형 클래스" -->
   <!--    
           - string : java.lang.String
           - byte : java.lang.Byte
           - long : java.lang.Long
           - short : java.lang.Short
           - int : java.lang.Integer
           - integer : java.lang.Integer
           - double : java.lang.Double
           - float : java.lang.Float
           - boolean : java.lang.Boolean
           - decimal : java.math.BigDecimal
           - object : java.lang.Object
           - map : java.util.Map
           - hashmap : java.util.HashMap
           - list : java.util.List
           - arraylist : java.util.ArrayList
           - collection : java.util.Collection
           - iterator : java.util.Iterator
    -->
    <!-- ○ 쿼리 내부에 있는 컬러명의 정보가 -->
    <!--    자료형 클래스(DTO) 멤버 변수(속성)와 일치하는 경우 -->
    <!--    자동 매핑이 이루어진다. -->
    
    
    <!-- 펫시터 프로필 UPDATE DAO.XML -->
    
    
	<!-- 회원고유코드로 펫시터프로필코드 조회하기-->
     <select id="searchCode" resultType="java.lang.String" parameterType="java.util.HashMap">
	 SELECT PS_PROFILE_SEQ
	 FROM PS_PROFILE_SEQ_VIEW
	 WHERE MEMBER_CODE_SEQ = #{code}
	</select> 
    
    
    <!-- 기존 정보 뿌려주기 -->
    
    <!-- 펫시터 프로필 기본정보 수정 -->
    <update id="psprofileupdate">
    	UPDATE PS_PROFILE
		SET 
		PS_CARE_TYPE_SEQ = #{ps_care_type_seq}
		, PSCONTENT = #{pscontent}
		, PSADDRNUMBER = #{psaddrnumber}
    	, PSADDR1=#{psaddr1}
    	, PSADDR2=#{psaddr2}
    	, PSADDR3=#{psaddr3}
    	, PS_OPEN_SEQ = #{ps_open_seq}
    	, BANK_SEQ=#{bank_seq}
    	, PSACCOUNTNUMBER=#{psaccountnumber}
    	, PSACCOUNTNAME= #{psaccountname}
    	, PSDATE = SYSDATE
		WHERE SEQ = #{ps_profile_seq}		
    </update>
    
    <delete id="removeservice">
   	DELETE
	FROM PS_SERVICE_INFO
	WHERE PS_PROFILE_SEQ= #{ps_profile_seq}
    </delete>
    
    <insert id="serviceinsert" parameterType="java.util.HashMap">
    INSERT INTO PS_SERVICE_INFO(PS_PROFILE_SEQ,PS_SERVICE_SEQ)
   	VALUES(#{ps_profile_seq}, #{ps_service_seq})
    </insert>
    
   <delete id="removecarepay">
   DELETE 
   FROM PS_CARE_PAY
   WHERE PS_PROFILE_SEQ = #{ps_profile_seq}
   </delete>
   
   <insert id="carepayinsert" parameterType="java.util.HashMap">
   INSERT INTO PS_CARE_PAY(SEQ,PS_PROFILE_SEQ,PET_SIZE_SEQ,CAREPAY)
   VALUES('PS_C_P-'||LPAD(MEMBER_REG_SEQ.NEXTVAL,6,'0'),#{ps_profile_seq},#{pet_size_seq},#{carepay})
   </insert>
    
    
    
    
    
    
    
    
    
    
    
    
    
    
    
    
    
    
    
    <!-- 펫시터 프로필 update -->
    <update id="psprofile" parameterType="java.util.HashMap"> 
    UPDATE PS_PROFILE
	SET PS_CARE_TYPE_SEQ = #{ps_care_type_seq}, PSCONTENT = #{pscontent}, PSADDRNUMBER=#{psaddrnumber}, PSADDR1=#{psaddr1}
		 , PSADDR2=#{psaddr2}, PSADDR3=#{psaddr3}, PS_OPEN_SEQ=#{ps_open_seq}, BANK_SEQ=#{bank_seq}, PSACCOUNTNUMBER=#{psaccountnumber}
		 , PSACCOUNTNAME=#{psaccountname}, PSDATE=SYSDATE
	WHERE SEQ = #{ps_profile_seq}
    
    </update>
    

    <update id="pscarepay" parameterType="java.util.HashMap">
    UPDATE PS_CARE_PAY
	SET PET_SIZE_SEQ=#{pet_size_seq}, CAREPAY=#{carepay}
	WHERE PS_PROFILE_SEQ=#{ps_profile_seq};
    </update>
	
    

</mapper>