<?xml version="1.0" encoding="UTF-8" ?>
<!DOCTYPE mapper
  PUBLIC "-//mybatis.org//DTD Mapper 3.0//EN"
  "http://mybatis.org/dtd/mybatis-3-mapper.dtd">
  
<!-- ○ mapper 엘리먼트의 『namespace="패키지경로가 포함된 인터페이스"』 -->
<!--    - 인터페이스 내부에 메소드명 선언이 되어 있어야 한다. -->
<!--    - 메소드명과 『id="식별자"』가 일치해야 한다. -->

<mapper namespace="com.pettopia.uj.IPetsitterInsertDAO">

    
    <!-- INSERT 펫시터 신청 -->
    <insert id="add">
    <!-- 신청코드 / 회원코드 / 신청일 / 경력사항 -->
	INSERT INTO PS_REQ(SEQ, MEMBER_CODE_SEQ, PSREQDATE, PSCAREER)
	VALUES('PSREQ-'||LPAD(PS_REQ_SEQ.NEXTVAL,6,0),#{code}, sysdate, #{pscareer})
    </insert> 
    
	<select id="search0" resultType="java.lang.String">
	SELECT SEQ AS PS_REQ_SEQ
	FROM PS_REQ
	WHERE MEMBER_CODE_SEQ = #{code}
	AND PSREQDATE = ( SELECT MAX(PSREQDATE)
          		  FROM PS_REQ
                  WHERE MEMBER_CODE_SEQ = #{code})
	</select>    
	
    <!-- INSERT 증빙서류 테이블 -->
    <insert id="add0">
	INSERT INTO PS_DOCUMENT
	VALUES(#{ps_req_seq}, #{document_seq}, #{filepath}, SYSDATE)
    </insert>
     
    <!-- INSERT 약관 동의 테이블 -->
    <insert id="add1">
    INSERT INTO PROMISE_AGREE
	VALUES(#{code}, 4, #{agree}, SYSDATE)
    </insert>

    
    
    <!-- 펫시터 프로필 INSERT DAO.XML -->
    
    <select id="search1" resultType="java.lang.String">
	 SELECT PS_REG_SEQ
	 FROM PS_REG_VIEW
	 WHERE MEMBER_CODE_SEQ = #{code}
	</select>   
    
    
    <insert id="add4">	<!-- 펫시터 프로필 -->
     INSERT INTO PS_PROFILE(SEQ, PS_REG_SEQ, PS_CARE_TYPE_SEQ, PSCONTENT, PSADDRNUMBER, PSADDR1, PSADDR2, PSADDR3, PS_OPEN_SEQ, BANK_SEQ, PSACCOUNTNUMBER, PSACCOUNTNAME, PSDATE)
	 VALUES('PSPRO-'||LPAD(PS_PROFILE_SEQ.NEXTVAL,6,0), #{ps_reg_seq}, #{ps_care_type_seq}, #{pscontent}, #{psaddrnumber}
			, #{psaddr1}, #{psaddr2}, #{psaddr3},#{ps_open_seq}, #{bank_seq}, #{psaccountnumber}, #{psaccountname}, SYSDATE)	
    </insert>
    
    
    <!-- 이용서비스 테이블 INSERT 시키기  -->
     <select id="search2" resultType="java.lang.String"><!-- 회원고유코드로 펫시터프로필코드 조회하기-->
	 SELECT PS_PROFILE_SEQ
	 FROM PS_PROFILE_SEQ_VIEW
	 WHERE MEMBER_CODE_SEQ = #{code}
	</select> 
    
    
    <insert id="add2" parameterType="java.util.HashMap">	
     INSERT INTO PS_SERVICE_INFO
     VALUES(#{ps_profile_seq}, #{ps_service_seq})
    </insert>
    

    
    
    <!-- 돌봄 환경 이미지 등록 -->
    <insert id="add3">	<!-- 돌봄환경 이미지 등록 -->
     INSERT INTO PS_IMG_REG
	 VALUES(#{ps_profile_seq}, #{filepath}, SYSDATE, 'PSIMG-'||LPAD(PS_IMG_REG_SEQ.NEXTVAL,6,0))
    </insert>
    
    
    <!-- 펫시터 이용요금 등록 -->
    <insert id="add5" parameterType="java.util.HashMap">
    INSERT INTO PS_CARE_PAY
	VALUES('PS_C_P-'||LPAD(PS_CARE_PAY_SEQ.NEXTVAL,6,0),#{ps_profile_seq}, #{pet_size_seq}, #{carepay})
    </insert>
	
    

</mapper>