<?xml version="1.0" encoding="UTF-8" ?>
<!DOCTYPE mapper
  PUBLIC "-//mybatis.org//DTD Mapper 3.0//EN"
  "http://mybatis.org/dtd/mybatis-3-mapper.dtd">
  
<!-- ○ mapper 엘리먼트의 『namespace="패키지경로가 포함된 인터페이스"』 -->
<!--    - 인터페이스 내부에 메소드명 선언이 되어 있어야 한다. -->
<!--    - 메소드명과 『id="식별자"』가 일치해야 한다. -->

<mapper namespace="com.pettopia.uj.IPetsitterDAO">

	<!-- 로그인한 회원의 펫시터코드 조회하기 -->
	<select id="searchPsRegCode" resultType="java.lang.String">
	SELECT REG.SEQ AS PS_REG_CODE
	FROM PS_REG REG LEFT JOIN PS_REQ REQ
	ON REG.PS_REQ_SEQ = REQ.SEQ
	WHERE REQ.MEMBER_CODE_SEQ=#{id}
	</select>
    
    
    <!-- 로그인한 회원(MEMBER_CODE_SEQ) 프로필 코드 조회하기 -->

	<select id="search0" resultType="java.lang.String"  parameterType="java.util.HashMap">
	 SELECT PS_PROFILE_SEQ
	 FROM PS_PROFILE_SEQ_VIEW
	 WHERE MEMBER_CODE_SEQ = #{code}
	</select>    

	    
    <!-- 펫시터 프로필 뷰 보여주는 DAO.XML -->
    
    
    <!-- 기본개인정보 -->
    <select id="search1" resultType="com.pettopia.uj.PetsitterDTO" parameterType="java.util.HashMap">
      SELECT NICKNAME, AGE, GENDER, ADDR, PSADDRNUMBER, PSADDR1, PSADDR2, PSADDR3, BANK_SEQ
      FROM PETSITTER_PROFILE_1
      WHERE SID= #{ps_profile_seq}
    </select>
    
    <!-- 견종크기 -->
    <select id="list1" resultType="com.pettopia.uj.PetsitterDTO" parameterType="java.util.HashMap">
     SELECT SIZETYPE
	 FROM PETSITTER_SIZETYPE 
	 WHERE SID= #{ps_profile_seq}
    </select>
    
     <!-- 돌봄형태 -->
    <select id="list2" resultType="com.pettopia.uj.PetsitterDTO" parameterType="java.util.HashMap">
     SELECT CARETYPE
	 FROM PETSITTER_CARETYPE
	 WHERE SID= #{ps_profile_seq}
    </select>
    
     <!-- 돌봄비용  -->
   <!-- <select id="list3" resultType="com.pettopia.uj.PetsitterDTO" parameterType="java.util.HashMap">
	SELECT PC.PET_SIZE_SEQ AS PET_SIZE_SEQ, PC.CAREPAY AS CAREPAY, PS_PROFILE_SEQ AS PS_PROFILE_SEQ, PS.SIZENAME AS SIZENAME
	FROM PS_CARE_PAY PC LEFT JOIN PET_SIZE PS
	ON PC.PET_SIZE_SEQ = PS.SEQ
	WHERE PS_PROFILE_SEQ = #{ps_profile_seq}
    </select>  --> 
    

    <select id="list3" resultType="com.pettopia.uj.PetsitterDTO" parameterType="java.util.HashMap"> 
     SELECT PC.CAREPAY AS CAREPAY, PAY.PET_SIZE_SEQ AS PET_SIZE_SEQ
	 FROM PETSITTER_CAREPAY PC LEFT JOIN PS_CARE_PAY PAY
     ON PC.PS_CARE_PAY_SEQ = PAY.SEQ
	 WHERE SID= #{ps_profile_seq}
    </select> 
    

    
    <!-- 기본개인정보 -->
    <select id="search2" resultType="com.pettopia.uj.PetsitterDTO" parameterType="java.util.HashMap">
      SELECT PSCONTENT
      FROM PS_PROFILE
      WHERE SEQ= #{ps_profile_seq}
    </select>
    
    <!-- 돌봄환경(이용서비스) -->
    <select id="list4" resultType="com.pettopia.uj.PetsitterDTO" parameterType="java.util.HashMap"> 
     SELECT SERVICE, PS_SERVICE_SEQ
	 FROM PETSITTER_SERVICE
	 WHERE SID= #{ps_profile_seq}
    </select>
    
    <!-- 프로필 공개 여부 -->
    <select id="list9" resultType="com.pettopia.uj.PetsitterDTO" parameterType="java.util.HashMap"> 
     SELECT PS_OPEN_SEQ
	 FROM PS_PROFILE
	 WHERE SEQ= #{ps_profile_seq}
    </select>
    
    <!-- 돌봄환경 이미지 등록(이용서비스) -->
    <select id="list5" resultType="com.pettopia.uj.PetsitterDTO" parameterType="java.util.HashMap"> 
     SELECT FILEPATH
	 FROM PETSITTER_SERVICESIMG
	 WHERE SID= #{ps_profile_seq}
    </select>
    
    <!-- 펫시터 후기 -->
    <select id="list6" resultType="com.pettopia.uj.PetsitterDTO" parameterType="java.util.HashMap"> 
     SELECT PSSCORE, REVIEWDATE, REVIEWCONTENT
	 FROM PETSITTER_REVIEW
	 WHERE SID= #{ps_profile_seq}
    </select>
    
    <!-- 데려갈 펫 보여지기 (해당 회원) -->
    <select id="list7" resultType="com.pettopia.uj.PetsitterDTO" parameterType="java.util.HashMap"> 
    <!-- 펫시터에 맡길 펫 선택 -->
     <!-- SELECT PETNAME, PET_CON_REG_SEQ
	 FROM WALKDOGNAMEVIEW
	 WHERE SID= #{code} -->
	 SELECT PETNAME, PET_CON_REG_SEQ
	 FROM WALKDOGNAMEVIEW
	 WHERE MEMBERCODE = #{code}
    </select>
    
    
    <!-- 은행명 -->
    <select id="bank" resultType="com.pettopia.uj.PetsitterDTO" parameterType="java.util.HashMap">
     SELECT PSACCOUNTNAME, PSACCOUNTNUMBER
	 FROM BANK_VIEW
	 WHERE SEQ= #{ps_profile_seq}
	 
    </select>
    
    <!-- 은행명 --><!-- 전체 은행 목록 -->
    <select id="selectbank" resultType="com.pettopia.uj.PetsitterDTO" parameterType="java.util.HashMap">
     SELECT SEQ AS BANK_SEQ, BANKNAME
	 FROM BANK
    </select>
    
     <!-- 예금주명 / 계좌번호 -->
    <select id="psaccount" resultType="java.lang.String" parameterType="java.util.HashMap">
     SELECT PSACCOUNTNAME, PSACCOUNTNUMBER
	 FROM PSACCOUNT
	 WHERE SEQ= #{ps_profile_seq}
	 
    </select>
    

    <!-- 돌봄 신청 insert -->
    <insert id="addcarereq" parameterType="java.util.HashMap">
     INSERT INTO CARE_REQ
	 VALUES('C_REQ-'||LPAD(PS_CARE_PAY_SEQ.NEXTVAL,6,0), #{ps_care_pay_seq}, #{pet_con_reg_seq}, #{startdate}, #{enddate}, SYSDATE)
    </insert>
    
    <!-- 약관테이블 select -->
	<select  id="promise" resultType="com.pettopia.uj.PetsitterDTO" parameterType="java.util.HashMap">
	select seq, content
	from PROMISE
	where seq = 3
	</select> 
	
	<!-- 약관 동의 insert  -->
	<insert id="promiseagree" parameterType="java.util.HashMap">
	INSERT INTO PROMISE_AGREE
	VALUES(#{code}, #{promise_seq}, #{agree}, SYSDATE)
	</insert>
	
	<!-- 펫시터 프로필 수정 뷰 조회 -->
	<select id="updateView"  resultType="com.pettopia.uj.PetsitterDTO" parameterType="java.util.HashMap">
	SELECT PS_PROFILE_SEQ, CARETYPE_SEQ, CONTENT AS PSCONTENT, OPEN_SEQ AS PS_OPEN_SEQ, ADDRNUMBER AS PSADDRNUMBER, ADDR1 AS PSADDR1, ADDR2 AS PSADDR2, ADDR3 AS PSADDR3
		 , BANK_SEQ, ACCOUNTNUMBER AS PSACCOUNTNUMBER, ACCOUNTNAME AS PSACCOUNTNAME
	FROM PETSITTER_PROFILE_VIEW
	WHERE PS_PROFILE_SEQ= #{ps_profile_seq}
	</select>

</mapper>