<?xml version="1.0" encoding="UTF-8" ?>
<!DOCTYPE mapper
  PUBLIC "-//mybatis.org//DTD Mapper 3.0//EN"
  "http://mybatis.org/dtd/mybatis-3-mapper.dtd">
  
<!-- ○ mapper 엘리먼트의 『namespace="패키지경로가 포함된 인터페이스"』 -->
<!--    - 인터페이스 내부에 메소드명 선언이 되어 있어야 한다. -->
<!--    - 메소드명과 『id="식별자"』가 일치해야 한다. -->
<mapper namespace="com.pettopia.hj.IWalkCreateDAO">

	
	 
	 <select id="list" resultType="com.pettopia.hj.WalkCreateDTO">
		SELECT NICK, ADDR1, GENDER, AGE,PETNAME, BREED,PETGENDER,NEUTRAL,PETAGE, (SELECT ASCORE FROM ASCORE WHERE NICK = WPFV.NICK) "ASCORE" ,WPFV.SEQ "SEQ" 
		FROM WALKPROFILEVIEW WPFV
		WHERE SEQ='WMT-000001' <!-- 산책모임코드 -->
	 </select>
<!-- 	 여기에 doglist있는데 펫연결코드 있음 -->

	 <select id="doglist" resultType="com.pettopia.hj.WalkCreateDTO">
	 	SELECT MEMBERCODE, PETNAME, PET_CON_REG_SEQ, PET_SIZE_SEQ <!-- 펫연결코드, 견종크기코드 까지 조회 -->
		FROM WALKDOGNAMEVIEW
		WHERE MEMBERCODE = #{code}
	 </select>


	 <select id="addrlarname" resultType="com.pettopia.hj.WalkCreateDTO">
		SELECT SEQ "region_lar_id", LARNAME
		FROM REGION_LAR
	 </select>
	 
	 <select id="addrmidname" resultType="com.pettopia.hj.WalkCreateDTO">
	   SELECT REGION_LAR_SEQ,LARNAME, REGION_MID_SEQ ,MIDNAME
		FROM WALKADDRVIEW
		WHERE REGION_LAR_SEQ = #{region_lar_id}
	 </select>
	 

	
	 
	 
</mapper>