<?xml version="1.0" encoding="UTF-8" ?>
<!DOCTYPE mapper
  PUBLIC "-//mybatis.org//DTD Mapper 3.0//EN"
  "http://mybatis.org/dtd/mybatis-3-mapper.dtd">
<mapper namespace="com.pettopia.hj.IWalkMeetingDAO">

	<select id="list" resultType="com.pettopia.hj.WalkMeetingDTO">
		SELECT walktitle, walkdate, walkaim, numpeople, views, sizename, larname, midname, 
			   walkplace, writedate, genderoption, ageoption, nick, walk_meeting_seq, contents,walkdate
		FROM WALKMEETINGVIEW
		WHERE walk_meeting_seq = #{walk_meeting_seq}
	 </select>
	 
<!-- 	 이전글 다음글 -->
	 <select id="before" resultType="java.lang.String">
		SELECT WALKTITLE "BEFORETITLE"
		FROM WALK_MEETING
		WHERE SEQ = (SELECT BEFORENUM 
		FROM BEFORENEXTVIEW
		WHERE CURRENTNUM = #{walk_meeting_seq})
	 </select>
	 
	 <select id="next" resultType="java.lang.String">
		SELECT WALKTITLE "NEXTTITLE"
		FROM WALK_MEETING
		WHERE SEQ = (SELECT NEXTNUM 
		FROM BEFORENEXTVIEW
		WHERE CURRENTNUM = #{walk_meeting_seq})
	 </select>
	 
	 
	 <!-- 게시글 조회수 증가처리 -->
	 
	 <update id="views" >
	 	UPDATE WALK_MEETING 
		SET VIEWS = VIEWS + 1
		WHERE seq = #{walk_meeting_seq}
	 </update>
	 
	 <!-- 이전글 seq-->
	 <select id="beforelist" resultType="com.pettopia.hj.WalkMeetingDTO">
	 	SELECT walktitle, walkdate, walkaim, numpeople, views, sizename, larname, midname, 
			   walkplace, writedate, genderoption, ageoption, nick, walk_meeting_seq, contents,walkdate
		FROM WALKMEETINGVIEW
		WHERE WALK_MEETING_SEQ = (SELECT SEQ "WALK_MEETING_SEQ"
									FROM WALK_MEETING
									WHERE SEQ = (SELECT BEFORENUM 
									FROM BEFORENEXTVIEW
									WHERE CURRENTNUM = #{walk_meeting_seq}))
	 </select>
	 
	 
	 <!-- 다음글 seq -->
	 <select id="nextlist" resultType="com.pettopia.hj.WalkMeetingDTO">
		SELECT walktitle, walkdate, walkaim, numpeople, views, sizename, larname, midname, 
			   walkplace, writedate, genderoption, ageoption, nick, walk_meeting_seq, contents,walkdate
		FROM WALKMEETINGVIEW
		WHERE WALK_MEETING_SEQ = (SELECT SEQ "WALK_MEETING_SEQ"
								FROM WALK_MEETING
								WHERE SEQ = (SELECT NEXTNUM 
								FROM BEFORENEXTVIEW
								WHERE CURRENTNUM = #{walk_meeting_seq}))
	 </select>
</mapper>